designation,description,productid,imageid,has_description,designation_length,description_length
Children's Magazine N°42 : The Spindle The Shuttle And The Needle - The Scottish Clan - From Yrok To The Tweed -,Revue mensuelle pour apprendre à lire l'anglais couramment.,197915781,937458607,1,112,59.0
Hostel - Umd Video,Deux etudiants américains Paxton et Josh ont décidé de découvrir l'Europe avec un maximum d'aventure et de sensations fortes. Avec Oli un islandais qu'ils ont rencontré en chemin ils se retrouvent à Prague dans ce qu'on leur a décrit comme le nirvana des vacances de débauche. Ce voyage-là va les conduire au bout de l'horreur...,49755007,844734244,1,18,329.0
Cle Usb 16 Gb Cle Usb 3.0 Cle Usb Cle Usb Noir,Description:  <br />Type d&#39;element: cle USB <br />Interface USB 3.0 <br />Excellente cle USB en excellent etat <br />a propos de la capacite: <br />8 Go &#61; environ 72 a 76 Go <br />16 Go &#61; environ 144 Go a 148 Go <br />32 Go &#61; environ 285 a 30 Go <br />64 Go &#61; environ 585 Go a 60 Go <br />Les fournisseurs utilisent l&#39;arithmetique decimale de la memoire Flash: 1 Mo &#61; 1 000 Ko 1 Go &#61; 1 000 Mo <br />Systeme d&#39;exploitation calcule avec arithmetique binaire: 1 Mo &#61; 1024 Ko 1 Go &#61; 1024 Mo; <br />Il existe donc des differences entre la capacite d&#39;affichage et la capacite nominale des produits de memoire flash <br />L&#39;emballage inclus: <br />1 X cle USB <br />Remarque: <br />L&#39;ecart de couleurs peut differer en raison de parametres de moniteur differents. <br />,4108382018,1292275682,1,46,819.0
"2.5 \""""Tft Affichage Lecteur De Jeu Portable Intégré 260 Classique Console De Jeu Vidéo",Nom de la marque:OCDAY<br />Affichage de couleur:Oui<br />Taille de l&#39;écran:Other<br />Ecran tactile:Oui<br />Numéro du modèle:RS-8A<br />Paquet:Oui<br />Material:Plastic:Plastic<br />Color::Orange&#43;Black/Blue&#43;Black/Green&#43;Black (Optional)<br />Quantity::1 Set (other accessories demo in the picture is not included),4200882831,1316293488,1,87,330.0
Porte-Cles - Winter Soldier - Metal,,3067344765,1188546848,0,35,
Marvel Masterpieces 1995 / Carte 125 Sur 151 / Emplate. Version Américaine,,145440101,899913295,0,74,
Heroclix- Accountable#009 (Superman &wonderwoman),,1738535059,1100798462,0,49,
Combo Étanche 3660 3800kv Brushless Avec 80a Esc Pour 1 10 Rc Car Racing Drone 254 Weentyer123,Combo étanche 3660 moteur 3800KV Brushless avec 80A ESC Pour 1 10 RC Car Racing Caractéristique principale: 4 Pole 12 Emplacement Salut couple de conception du moteur de haute qualité: CNC Usinées 6061 T6 billettes d&#39;aluminium Dissipateur peut de haute pureté cuivre liquidées Optimise efficacité régime élevé ABEC5 surdimensionné roulements en forme universelle pour 1h10 voiture RC 2S 3S course RC hors route voiture de précision rotor équilibré la douceur pour une meilleure fiabilité et le régime maximum stator - super mince (035 mm) Laminations Alimentation en eau la preuve et à la poussière pour tout- courses météorologiques; (Remarque: s&#39;il vous plaît désinstaller le ventilateur de refroidissement avant d&#39;utiliser ce CES dans l&#39;eau propre et sécher rapidement après l&#39;utilisation pour éviter les connecteurs rouillent.) Spécialement conçu pour la voiture RC avec une excellente start-up d&#39;accélération et de caractéristiques linéarité. Compatible avec le moteur sans balai capteur. La capacité actuelle résistant forte une excellente dissipation thermique. Plusieurs fonctions de protection: protection basse coupure tension pour litium ou d&#39;une batterie nickel sur la chaleur protection contre la perte de signal protectionThrote protection Moteur bloqué facilement programmé et compatible avec la carte de programme de poche. Spécifications du moteur: Nom de la marque: SURPASS HOBBY Nom: 3660 RC moteur KV (RPM Volt): 3800KV Watt: 1200 Max RPM: 50000 Tension max: &amp; lt; amplis 12V Max: 100A pôles du rotor: 4 Diamètre: 35.5mm Longueur: 59mm Longueur de l&#39;arbre : 17mm connecteur: 4.0mm or Poids: 218g ESC Spécifications: nom de marque: SURPASS HOBBY nom: KK 80A ESC Cont.Current Burst actuelle: 80A 480A type de moteur: Sensorless moteur brushless pour 2S Lipo ou 6 cellules NiMH: 1. sur route : 3670-taille inférieure ou moteur avec le KV &amp; lt; 3000KV 2. hors route Buggy Monster 3670-taille ou d&#39;un moteur plus petit avec le KV &amp; lt; 3000KV pour 3S Lipo ou 9 cellules NiMH: 1. sur route:,4170969202,1307223226,1,94,2052.0
Belle Biscuits Boule En Mousse Nuage Slime Putty Parfumée Stress Enfants Clay Toy,Belle balle en mousse Biscuits Nuage Slime Putty parfumée Stress Enfants Clay Toy Feature: Sûr et non toxique - Non Borax est utilisé dans cette boue incroyable de boue moelleux et super amusant de jouer avec! Grand soulagement du stress pour les adultes et les enfants appropriés pour les enfants âgés de plus de 8 Il est idéal pour les arts l&#39;artisanat et les projets scolaires Couleur: Multicolor Contenu de l&#39;emballage: 1 PC jouets en argile,4006500054,1275604665,1,81,453.0
Solido Cadillac 452 A-Solido,,4164738433,1306660379,0,28,
Fox bébé anti-dérapant chaussettes de coton Blend Chaussettes souples de sol pour enfants-Auucne,Bébé Fox chaussettes en coton pour enfants anti-dérapants Blend Chaussettes souple sol Feature: 100% qualité de la marque nouvelle et haute. Quantité: 1 paire Couleur: Gris Matériel: Coton Style: Sexe Casual: unisexe Bon pour votre nouveau-né. Faites votre bébé plus belle Nous croyons que vous allez l&#39;adorer beaucoup Le forfait comprend: 1 paire chaussettes de bébé avec l&#39;emballage de vente au détail,3898716055,1261369650,1,96,411.0
3 Led Lampe Frontale Rechargeable Phare Xml T6 Tête De La Torche Lampe De Lumière Goverie,3 LED Lampe frontale rechargeable phare XML T6 tête de la torche lumière lampDescription: 100% tout neuf et de haute qualityType: HeadlightMain Couleur: BlackBattery Type: 2 * 18650 batterie (non inclus) Lightbulb Type: LEDTorch Type: LED3-Modes: Haut / Bas / StrobeMaterial: alliage d&#39;aluminium SwitchType: ButtonLED Couleur: WhiteNumber de LED: 1Featues: 100% nouvelle marque et une durée de vie élevée qualityWith jusqu&#39;à 100000 heures. Réglable gamme de headband.The du projecteur est d&#39;environ 500 à 600 meters.High brightnesslong lifespanenergy-saving.Easy installer une taille compacte pour le câblage eary carrying.Internal applique la tension de fonctionnement du circuit de rappel à haute efficacité est large et peut utiliser les piles dans le plus grand Le degré. Base réglable est prévu pour chaque projecteur avec inclinaison d&#39;avant en arrière (90 degrés de rotation) .AC / C Chargeur: Entrée: 100-240 50 / 60HzOutput: 4.,4234147190,1323683448,1,89,952.0
Premières Tasses Babycup - Lot De 4 - Bleu,<p>  <strong>Babycup : la 1ère tasse pour bébés et bambins fabriquée en Angleterre !</strong><br />  <br />  La mini tasse ouverte Babycup a été conçu pour sevrer et apprendre à boire aux bébés et aux bambins. Elle peut être également utilisée pour nourrir les nouveaux-nés y compris les bébés prématurés (veuillez demander conseil à votre professionnel de santé).<br />  <br />  La Babycup encourage l&#39;enfant à siroter et aide :<br />  - au développement des habilités de la motricité fine.<br />  - à maintenir la santé buccale en initiant la bonne utilisation de la langue et du palais.<br />  La Fondation Anglaise de la santé bucco dentaire préconise de boire dans un verre ou une coupelle dès le premier âge.<br />  L&#39;apprentissage doit se faire dès l&#39;âge de 6 mois.<br />  De nos jours 30% des enfants présentent des problèmes dentaires. Boire au verre réduit les risques prématurés ainsi que les carries.<br />  D&#39;après les experts dès que le sevrage est mis en place la Babycup doit être automatiquement recommandée.<br />  <br />  La Babycup est idéale pour l&#39;accompagnement à l&#39;allaitement :<br />  - Beaucoup de bébés ne peuvent être allaités pour différentes raisons et ils sont expressément nourris au biberon avec du lait maternel ou artificiel.<br />  Dans ces circonstances les dix étapes pour réussir son allaitement préconisé par l&#39;UNICEF est d&#39;utiliser une coupelle pour les nouveaux nés et prématurés.<br />  - La Babycup offre enfin une alternative au biberon pour toutes les mamans qui veulent réussir leur allaitement.<br />  Et l&#39;aide des papa n&#39;est plus exclue à présent !<br />  <br />  Vendue par Lot de 4 Babycup de couleur bleue.<br />  <br />  <br />  <strong>Caractéristiques et points forts :</strong><br />  <br />  - Mini tasse transparente pour que bébé puisse voir le contenu.<br />  - Dimension réduite convient aux mains du bébé ou du bambin.<br />  - Rebord fin pour les petites bouches.<br />  - Sevrage et apprentissage de 4-6 mois à 3 ans.<br />  - Utilisation dès la naissance en relais avec l&#39;allaitement<br />  - Sans BPA transparent et coloré<br />  - Labélisée<br />  - Approuvée par les dentistes et autres professionnels de la santé.<br />  <br />  Capacité : 50ml.<br />  <br />  Dimensions : 5 cm de hauteur et 45 cm de largeur.<br />  <br />  A partir de 4 mois.<br />  <br />  <br />  <strong>Composition et matières :</strong><br />  Sans BPA sans Phtalates.<br />  <br />  <br />  <strong>Conseils d&#39;utilisation et d&#39;Entretien :</strong><br />  <br />  Facile à nettoyer - sans zones difficilement accessibles.<br />  Convient au lave-vaisselle (uniquement le casier supérieur) et au stérilisateur.<br />  Bien laver avant utilisation. Ne convient pas à l&#39;utilisation dans un four conventionnel ou au micro-onde.<br />  Ne convient pas aux boissons chaudes.<br />  <br />  <br />  <strong>Fabricant :</strong><br />  Babycup (fabriqué en Angleterre).<br />   </p>,3939966292,1266736380,1,42,2975.0
1pc 5 Cintree Multifonction Écharpe Trou Rond Vêtements Support De Ceinture Nouée Rangement,1pc multifonction écharpe cintre 5 trou rond vêtements ceinture nouée Support de rangement Nous ne proposons pas le choix de la couleur et le style nous vous ferons parvenir le produit au hasard espérons que vous pouvez comprendre Fonction: Condition: 100% tout neuf et de haute qualité. Couleur: Au hasard. Matériel: PP de haute qualité Taille: 32x15cm. Fonction de ce produit: vêtements de stockage multi-fonctionnels des serviettes cravates ceintures et ainsi de suite. Le forfait comprend: 1 Pc stockage Rack Avis: S&#39;il vous plaît permettre erreur 1-3mm en raison de la mesure manuelle et assurez-vous que vous ne me dérange pas avant de commander. Il y a une légère différence entre l&#39;image et l&#39;élément réel causé par la luminosité de lumière espérons que vous pouvez comprendre.,3959360984,1269493413,1,91,797.0
Imprimer Taie Polyester Canapé Coussin Car Cover Home Decor,Imprimer Taie polyester Canapé Coussin Car Cover Home Decor Feature: protection de l&#39;environnement non toxique Taille: 45x45cm Matériel: Polyester caché Fermeture à glissière Condition: main tout neuf jamais utilisé sans soins Tag: Lavable à la main ou lavage à l&#39;eau froide au cycle délicat. Ne pas utiliser l&#39;eau de Javel. La taille mesurée manuellement. La tolérance est de 1 cm. Nous faisons de notre mieux le spectacle produit réel. mais s&#39;il vous plaît comprendre la couleur encore peut-être un peu différent selon l&#39;effet illustration et de l&#39;écran. Contenu de l&#39;emballage: 1pc Taie Sans oreiller,3894912637,1260223437,1,59,631.0
Crackers 5 Cereales 310gr,<p>Tout le goût de Mulino Bianco goût dans des biscuits préparés avec des ingrédients simples.</p> <p>Crackers aux céréales avec orge soufflé sésame grillé et levure mère.</p> <p>Origine : Piémont (Vercelli)</p> <p>Ingrédients : Farine de froment 76% farine de céréales 13% (avoine orge riz seigle) huile de soja orge soufflé 4% gluten de froment sel extrait de malt d orge et maïs levure mère 1% (farine de froment eau farine d orge malté levure) farine d orge malté correcteur d acidité: carbonate acide de sodium levure. Peut contenir des traces d arachides de fruits à coquille lait et oeufs. Les ingrédients mis en évidence peuvent provoquer des réactions chez les personnes allergiques ou intolérantes.</p> <p>Poids net : 310gr</p> <p>Conseils de dégustation: A déguster à tout moment de la journée goûter apéritif.</p> <p> <br /></p>,2982531053,1217946530,1,25,840.0
Lumières Lettre Led 30cmx4.5cm Decor Panneau Signalisation Métal Batterie Décorative D,Caractéristiques: <br />Nom du produit: Lumière de lettre de LED <br />Matériel: Plastique <br />Couleur blanche <br />Hauteur: Approx. 30cm / 11.8 &#34; <br />Profondeur: Approx. 4.5cm /1.77 &#34; <br />Batterie: 2x piles AA (Non inclus) <br /> <br />Le forfait comprend: <br />1x LED Lettre Lumière <br /> <br />Fonctionnalité: <br />-100% nouveau et de haute qualité. <br />-Fashion LED sous-titres lampe peut être composé de polices populaires obtenir le meilleur effet décoratif. <br />-Convient pour la maison fête d&#39;anniversaire en plein air les bars les cafés décorés les décorations de Noël célèbrent. <br />Longue durée de vie de la lampe LED l&#39;utilisation à long terme n&#39;est pas chaude.,3082197033,1189454627,1,86,709.0
Harnais Chien Réglable Gilet Chien Avec Poignée Harnais Avec Laisse En Tissu De Maille Magideal,<p><b>La description:</b></p><br /><p> Tissu neuf et de haute qualité à la mode beau design mignon et charmant. </p><p> Gilet fabriqué à partir d&#39;une maille douce et respirante. </p><p> Harnais d&#39;entraînement de sécurité ajustable pour la marche de votre animal de compagnie. </p><p> Se sent très doux lisse confortable épais et chaud. </p><p> Ils sont respirants pour garder votre animal de compagnie à l&#39;aise tout au long de leur promenade. </p><br /><p><b>spécification:</b></p><br /><p> Matériel: Tissu de maille </p><p> Taille de la corde de traction (LxW): Approx. 110x1.5cm / 43.31x0.59inch </p><br /><p><b>Tableau des tailles:</b></p><br /><p> <b>S:</b> </p><p> Circonférence thoracique: Approx. 29-36cm / 11.42-14.17inch </p><p> Circonférence du cou: Approx. 24cm / 9.45inch </p><p> <b>M:</b> </p><p> Circonférence thoracique: Approx. 35-50cm / 13.78-19.69inch </p><p> Circonférence du cou: Approx. 30cm / 11.81inch </p><p> <b>L:</b> </p><p> Circonférence thoracique: Approx. 45-60cm / 17.72-23.62 pouces </p><p> Circonférence du cou: Approx. 34cm / 13.39inch </p><br /><p><b>Le forfait comprend:</b></p><br /><p> Harnais de gilet de chien de 1 morceau </p><p> Corde de traction 1 pièce </p><br /><p><b>Remarque:</b></p><br /><p> En raison de la différence de réglage de la lumière et de l&#39;écran la couleur de l&#39;article peut être légèrement différente des images. </p><p> S&#39;il vous plaît permettre une légère différence de dimension en raison de différentes mesures manuelles. </p><br />,4183675342,1313617267,1,95,1520.0
Photo Aventures N°3 - 11e Année : Roches Rouges Avec George Montgomery Philip Ellen Drew Et Addison Richads,,104925688,875909027,0,107,
Revue Vélonews Année 2001,,3793997194,1245735186,0,25,
Little Nightmares - Ps4 - Playstation 4 - Edition Promo,,2129065513,1241441508,0,55,
Pilot Stylo À Bille Rétractable Super Grip Encre De Couleur,Constructeur: PILOT. Référence: 154904. Vendeur pro - produit neuf et garanti - livraison rapide et soignée par colissimo recommandé - délai de livraison entre 4 et 5 jours ouvrés,138767195,956370229,1,59,179.0
Salon De Jardin En Résine Tressée Bora Bora Noir - Hespéride,Salon Bora Bora de la marque Hespéride composé de 4 pièces en résine synthétique tressée. Lieu de repos et de détente ce salon de jardin Bora Bora en résine tressé est confortable et accueillant. Son design sobre et naturel grâce à la résine tressé lui permet de s&#39;intégrer dans tous les intérieurs/extérieurs et d&#39;offrir une ambiance chaleureuse. Ce salon comprend : 1 canapé 2 places 2 fauteuils avec accoudoirs et 1 table basse avec plateau en verre trempé. Pour une grande durabilité le salon de jardin Bora Bora est conçu avec une structure en acier époxy capable de résister aux intempéries et à la rouille. L&#39;habillage en résine tressé synthétique offre confort et esthétisme. La résine tressée est une matière très résistante qui ne décolore pas au soleil et qui s&#39;entretient très facilement. Pour l&#39;entretien les coussins sont déhoussables. - Dimensions des 2 fauteuils (L x lx H) : 71 x 72 x 80 cm - 89 kg- Dimensions du canapé double (Lx l x H) : 128 x 72 x 80 cm - 13 kg- Dimensions de la table basse (L x l x H) : 100 x 55 x 35 cm - 119 kg- Matière structure : acier époxy- Matière habillage : résine tressée- Matière coussin : mousse et Polyuréthane - Garantie : 2 ans- Disponible en plusieurs coloris.,1878394041,1190245216,1,60,1236.0
Kit piscine acier aspect rotin Gré Rattan ovale 634 x 399 x 132 m + Bâche hiver,Piscine hors-sol ovale en acier aspect rotin Rattan de la marque Gré.La piscine en acier ovale Rattan c&#39;est :? Une structure en acier galvanisé d&#39;une épaisseur de 45/100 à l&#39;aspect rotin. Renforcée par des poteaux de 12 cm de large ainsi que par plusieurs jambes de force (le nombre de jambes de force varie selon la taille de la piscine).? Un liner de couleur bleu en pvc d&#39;une épaisseur de 40/100. Il se fixe à la structure avec un system Overlap.Elle dispose d&#39;un équipement complet : ? Filtration à sable de 5 m³/h avec sable fournis.? ¿Échelle de sécurité avec marche amovible.? Skimmer.?Tapis de sol.Plusieurs tailles de piscines en acier sont disponibles : KITPROV508FRT : Piscine acier Rattan 527 x 327 m? Dimensions extérieures (L x l x H) : 527 x 327 x 132 m? Dimensions intérieures (L x l) : 500 x 300 m? Espace nécessaire : 540 x 520 m? Volume d&#39;eau : 162 m³KITPROV618FRT : Piscine acier Rattan 634 x 399 m? Dimensions extérieures (L x l x H) : 634 x 399 x 132 m? Dimensions intérieures (L x l) : 610 x 375 m? Espace nécessaire : 650 x 595 m? Volume d&#39;eau : 233 m³KITPROV738FRT : Piscine acier Rattan 744 x 399 m? Dimensions extérieures (L x l x H) : 744 x 399 x 132 m? Dimensions intérieures (L x l) : 720 x 375 m? Espace nécessaire : 770 x 595 m? Volume d&#39;eau : 282 m³La gamme de piscine hors-sol en acier Rattan bénéficie d&#39;une grantie fabricant de 4 ans sur la structure et de 2 ans sur la filtration à sable le liner ainsi que les accessoires.,3785187774,1244540875,1,79,1496.0
Hozelock Arroseur rectangulaire 230 m²,Ce 2 en 1 arroseur oscillant réglable jaune est adapté pour arroser les pelouses et les haies. Il vous permet de contrôler un débit d?eau précis tout en l'utilisant. L'arroseur avec un moteur haute performance dispose de 16 types de jets pour l'arrosage des pelouses et 5 types de jets de brumisation pour l?arrosage des semis. Sa couverture arrosée peut aller jusqu'à 230 m². Cet arroseur est idéal pour l'arrosage de vos plantes de jardin nettoyer les voitures et etc.! L?achetez tout de suite et votre travail au jardin devient plus facile.|<li><li>Couleur: jaune</li><li>Matériau: plastique <br /></li><li>Surface maximale: 230 m² </li><li>Dimensions: 115 x 155 x 485 cm </li><li>16 types de jets pour l'arrosage des pelouses et 5 types de jets de brumisation pour l?arrosage des semis </li><br /></li>,1134317698,1064140363,1,38,806.0
Ma Guerre De Cent Ans,««Un jour mon grand-père est mort. D'un coup. D'un coup de feu de guerre. Mort assis contre un arbre. C'était l'été.» Il n'eut pas le temps de devenir un «poilu» d'avoir barbe et poux. En le tuant on a aussi tué son enfance dont nul ne sait plus rien cent ans plus tard. Je sais encore la mienne dans la guerre suivante. Je sais encore mon adolescence et les avions de guerre froide. Je sais comment les griffes de la guerre d'Algérie m'ont épargné. Je sais aussi que toute enfance gommée m'a mené aux enfances vives de Bosnie du Liban ou à ma porte. Mon fusil à moi tire sur elles dans des livres dont les éclats ne sont que rires ou tendresse au chevet de la vie. Ainsi je cours le monde en lui offrant le mien écrit ou dessiné. Ne croyez pas que je sois centenaire mais il est des morts qui vous font vivre vieux.» Pef,812312084,1040388858,1,21,821.0
Lego Mon Univers Maternelle 2 - Jeu En Téléchargement,<b>Plate-forme :</b> PC<br /> <b>Etat du jeu :</b> Disponible<br /> <b>Date de sortie française :</b> 2000<br /> <b>Genre :</b> Ludo éducatif<br /> <b>Appartient au groupe :</b> LEGO<br /> <b>Développeur :</b> Data Design<br /> <b>Editeur :</b> Lego Media<br /><br /> LEGO Mon univers Maternelle 2<br /> Découvrez une méthode d&#39;enseignement adaptée aux besoins particuliers de votre enfant fondée sur des techniques d&#39;apprentissage créatives.<br /> S&#39;inspirant de LEGO Maternelle 2 offre un environnement idéal pour découvrir les chiffres les lettres la musique et le dessin.<br /><br /> <b><u>Votre enfant va pouvoir apprendre :</u></b><br /><br />  <ul><li>Reconnaissance des lettres</li><li>Calcul et nombre</li><li>Correspondance et tri</li><li>Suite de nombres et de lettres</li><li>Reconnaissance des formes et des couleurs</li><li>Mélange des couleurs</li><li>Correspondance des sons et des rythmes</li><li>Résolutions des problèmes</li><li>Raisonnement</li></ul><li><br /><br /></li>,1711728930,1100086964,1,53,1003.0
